docker_machine,10.10.0.4
tracker_server,10.10.0.5
acctngserver,10.10.0.6
asset-management,10.10.0.7
isi_smart_tv_65i,10.10.0.10
isi_smart_tv_43i,10.10.0.11
isi_smart_tv_32i,10.10.0.12
isi_smart_tv_32i_2,10.10.0.13
cctv,10.10.0.20
nas,10.10.0.22
ac_team_machine,10.10.0.26
ac_dev_machine_a,10.10.0.27
ac_dev_machine_b,10.10.0.28
ac_docker_host,10.10.0.29
epson_l3150_printer,10.10.0.35
lteves,10.10.0.39
mbesonia,10.10.0.40
jrestauro,10.10.0.41
nmaguindanao,10.10.0.42
lamarado,10.10.0.90
kcatubig,10.10.0.91
maapares,10.10.0.92
ljong,10.10.0.98
jdal,10.10.0.99
agutib,10.10.0.102
kalvarado,10.10.0.145
cjudilla,10.10.0.146
jgarcia,10.10.0.147
dbacasnot,10.10.0.148
jcarreon,10.10.0.149
emadelo,10.10.0.151
rpancawan,10.10.0.152
jjavier,10.10.0.153
jnoja,10.10.0.185
cpeligrin,10.10.0.186
jgaid,10.10.0.206
cbesin,10.10.0.207
sbiado,10.10.0.208
cbernadas,10.10.0.209
jdalida,10.10.0.210
jflorencio,10.10.0.211
iebale,10.10.0.212
rsumile,10.10.0.213
mdelacruz,10.10.0.214
aorcales,10.10.0.235
rsurigao,10.10.0.236
biometrics,10.10.0.249
